{"connections":{":i-MATKl8tE8D6MxN3fTNtz":{"configuredProperties":{"connectionUri":"amqps://amq-ssl-broker-amqp-0-svc.amq7-broker-cluster.svc:5672?transport.trustAll=true&transport.verifyHost=false&amqp.idleTimeout=120000","password":"»ENC:2b681b1413ce624c61b2af319bdee150d16ad015725e330637f443a99f65fc0c","skipCertificateCheck":"false","username":"fuse-online-integrations"},"connector":{"actions":[{"actionType":"connector","description":"Send data to the destination you specify.","descriptor":{"configuredProperties":{"disableReplyTo":"true"},"inputDataShape":{"kind":"any"},"outputDataShape":{"kind":"none"},"propertyDefinitionSteps":[{"description":"Specify AMQP destination properties, including queue or topic name.","name":"Select the AMQP Destination","properties":{"deliveryPersistent":{"componentProperty":false,"defaultValue":"true","deprecated":false,"displayName":"Persistent","group":"producer","javaType":"boolean","kind":"parameter","label":"producer","labelHint":"Message delivery is guaranteed when Persistent is selected.","order":3,"required":false,"secret":false,"type":"boolean"},"destinationName":{"componentProperty":false,"deprecated":false,"displayName":"Destination name","group":"common","javaType":"java.lang.String","kind":"path","labelHint":"Name of the queue or topic to send data to.","order":1,"required":true,"secret":false,"type":"string"},"destinationType":{"componentProperty":false,"defaultValue":"queue","deprecated":false,"displayName":"Destination type","enum":[{"label":"Topic","value":"topic"},{"label":"Queue","value":"queue"}],"group":"common","javaType":"java.lang.String","kind":"path","labelHint":"By default, the destination is a queue.","order":2,"required":false,"secret":false,"type":"string"}}}]},"id":"io.syndesis:amqp-publish-action","name":"Publish messages","pattern":"To"},{"actionType":"connector","description":"Receive data from the destination you specify.","descriptor":{"inputDataShape":{"kind":"none"},"outputDataShape":{"kind":"any"},"propertyDefinitionSteps":[{"description":"Specify AMQP destination properties, including queue or topic name.","name":"Select the AMQP Destination","properties":{"destinationName":{"componentProperty":false,"deprecated":false,"displayName":"Destination name","group":"common","javaType":"java.lang.String","kind":"path","labelHint":"Name of the queue or topic to receive data from.","order":1,"required":true,"secret":false,"type":"string"},"destinationType":{"componentProperty":false,"defaultValue":"queue","deprecated":false,"displayName":"Destination type","enum":[{"label":"Topic","value":"topic"},{"label":"Queue","value":"queue"}],"group":"common","javaType":"java.lang.String","kind":"path","labelHint":"By default, the destination is a queue.","order":2,"required":false,"secret":false,"type":"string"},"durableSubscriptionId":{"componentProperty":false,"deprecated":false,"displayName":"Durable subscription ID","group":"consumer","javaType":"java.lang.String","kind":"parameter","label":"consumer","labelHint":"Set the ID that lets connections close and reopen without missing messages. Destination type must be a topic.","order":3,"required":false,"secret":false,"type":"string"},"messageSelector":{"componentProperty":false,"deprecated":false,"displayName":"Message selector","group":"consumer (advanced)","javaType":"java.lang.String","kind":"parameter","label":"consumer,advanced","labelHint":"Specify a filter expression to receive only data that meets certain criteria.","order":4,"required":false,"secret":false,"type":"string"}}}]},"id":"io.syndesis:amqp-subscribe-action","name":"Subscribe for messages","pattern":"From"},{"actionType":"connector","description":"Send data to the destination you specify and receive a response.","descriptor":{"inputDataShape":{"kind":"any"},"outputDataShape":{"kind":"any"},"propertyDefinitionSteps":[{"description":"Specify AMQP destination properties, including queue or topic name.","name":"Select the AMQP Destination","properties":{"destinationName":{"componentProperty":false,"deprecated":false,"displayName":"Destination name","group":"common","javaType":"java.lang.String","kind":"path","labelHint":"Name of the queue or topic to receive data from.","order":1,"required":true,"secret":false,"type":"string"},"destinationType":{"componentProperty":false,"defaultValue":"queue","deprecated":false,"displayName":"Destination type","enum":[{"label":"Topic","value":"topic"},{"label":"Queue","value":"queue"}],"group":"common","javaType":"java.lang.String","kind":"path","labelHint":"By default, the destination is a queue.","order":2,"required":false,"secret":false,"type":"string"},"durableSubscriptionId":{"componentProperty":false,"deprecated":false,"displayName":"Durable subscription ID","group":"consumer","javaType":"java.lang.String","kind":"parameter","label":"consumer","labelHint":"Set the ID that lets connections close and reopen without missing messages. Destination type must be a topic.","order":3,"required":false,"secret":false,"type":"string"},"messageSelector":{"componentProperty":false,"deprecated":false,"displayName":"Message selector","group":"consumer (advanced)","javaType":"java.lang.String","kind":"parameter","label":"consumer,advanced","labelHint":"Specify a filter expression to receive only data that meets certain criteria.","order":4,"required":false,"secret":false,"type":"string"}}}]},"id":"io.syndesis:amqp-request-action","name":"Request response using messages","pattern":"To"}],"componentScheme":"amqp","connectorFactory":"io.syndesis.connector.amqp.AMQPConnectorFactory","dependencies":[{"id":"io.syndesis.connector:connector-amqp:1.14.0.fuse-7_11_0-00027-redhat-00001","type":"MAVEN"}],"description":"Subscribe for and publish messages.","icon":"assets:amqp.svg","id":"amqp","name":"AMQP Message Broker","properties":{"brokerCertificate":{"componentProperty":true,"deprecated":false,"description":"AMQ Broker X.509 PEM certificate","displayName":"Broker certificate","group":"security","javaType":"java.lang.String","kind":"property","label":"common,security","order":6,"relation":[{"action":"ENABLE","when":[{"id":"skipCertificateCheck","value":"false"}]}],"required":false,"secret":false,"type":"textarea"},"clientCertificate":{"componentProperty":true,"deprecated":false,"description":"AMQ Client X.509 PEM certificate","displayName":"Client certificate","group":"security","javaType":"java.lang.String","kind":"property","label":"common,security","order":7,"relation":[{"action":"ENABLE","when":[{"id":"skipCertificateCheck","value":"false"}]}],"required":false,"secret":false,"type":"textarea"},"clientID":{"componentProperty":true,"deprecated":false,"displayName":"Client ID","group":"security","javaType":"java.lang.String","kind":"property","label":"common,security","labelHint":"Required for connections to close and reopen without missing messages. Connection destination must be a topic.","order":4,"required":false,"secret":false,"type":"string"},"connectionUri":{"componentProperty":true,"deprecated":false,"displayName":"Connection URI","group":"common","javaType":"java.lang.String","kind":"property","label":"common","labelHint":"Location to send data to or obtain data from.","order":1,"required":true,"secret":false,"type":"string"},"password":{"componentProperty":true,"deprecated":false,"displayName":"Password","group":"security","javaType":"java.lang.String","kind":"property","label":"common,security","labelHint":"Password for the specified user account.","order":3,"required":false,"secret":true,"type":"string"},"skipCertificateCheck":{"componentProperty":true,"defaultValue":"false","deprecated":false,"displayName":"Check certificates","enum":[{"label":"Disable","value":"true"},{"label":"Enable","value":"false"}],"group":"security","javaType":"java.lang.String","kind":"property","label":"common,security","labelHint":"Ensure certificate checks are enabled for secure production environments. Disable for convenience in only development environments.","order":5,"required":false,"secret":false,"type":"string"},"username":{"componentProperty":true,"deprecated":false,"displayName":"User name","group":"security","javaType":"java.lang.String","kind":"property","label":"common,security","labelHint":"Access the broker with this user’s authorization credentials.","order":2,"required":false,"secret":false,"type":"string"}},"tags":["verifier"],"version":1},"connectorId":"amqp","createdDate":1592868147828,"description":"Subscribe for and publish AMQP 1.0 messages.","icon":"assets:amqp.svg","id":"i-MATKl8tE8D6MxN3fTNtz","isDerived":false,"lastUpdated":1659092064119,"name":"Red Hat AMQ 7 Broker AMQP connection","userId":"jeannyil","uses":0}},"connectors":{":amqp":{"actions":[{"actionType":"connector","description":"Send data to the destination you specify.","descriptor":{"configuredProperties":{"disableReplyTo":"true"},"inputDataShape":{"kind":"any"},"outputDataShape":{"kind":"none"},"propertyDefinitionSteps":[{"description":"Specify AMQP destination properties, including queue or topic name.","name":"Select the AMQP Destination","properties":{"deliveryPersistent":{"componentProperty":false,"defaultValue":"true","deprecated":false,"displayName":"Persistent","group":"producer","javaType":"boolean","kind":"parameter","label":"producer","labelHint":"Message delivery is guaranteed when Persistent is selected.","order":3,"required":false,"secret":false,"type":"boolean"},"destinationName":{"componentProperty":false,"deprecated":false,"displayName":"Destination name","group":"common","javaType":"java.lang.String","kind":"path","labelHint":"Name of the queue or topic to send data to.","order":1,"required":true,"secret":false,"type":"string"},"destinationType":{"componentProperty":false,"defaultValue":"queue","deprecated":false,"displayName":"Destination type","enum":[{"label":"Topic","value":"topic"},{"label":"Queue","value":"queue"}],"group":"common","javaType":"java.lang.String","kind":"path","labelHint":"By default, the destination is a queue.","order":2,"required":false,"secret":false,"type":"string"}}}]},"id":"io.syndesis:amqp-publish-action","name":"Publish messages","pattern":"To"},{"actionType":"connector","description":"Receive data from the destination you specify.","descriptor":{"inputDataShape":{"kind":"none"},"outputDataShape":{"kind":"any"},"propertyDefinitionSteps":[{"description":"Specify AMQP destination properties, including queue or topic name.","name":"Select the AMQP Destination","properties":{"destinationName":{"componentProperty":false,"deprecated":false,"displayName":"Destination name","group":"common","javaType":"java.lang.String","kind":"path","labelHint":"Name of the queue or topic to receive data from.","order":1,"required":true,"secret":false,"type":"string"},"destinationType":{"componentProperty":false,"defaultValue":"queue","deprecated":false,"displayName":"Destination type","enum":[{"label":"Topic","value":"topic"},{"label":"Queue","value":"queue"}],"group":"common","javaType":"java.lang.String","kind":"path","labelHint":"By default, the destination is a queue.","order":2,"required":false,"secret":false,"type":"string"},"durableSubscriptionId":{"componentProperty":false,"deprecated":false,"displayName":"Durable subscription ID","group":"consumer","javaType":"java.lang.String","kind":"parameter","label":"consumer","labelHint":"Set the ID that lets connections close and reopen without missing messages. Destination type must be a topic.","order":3,"required":false,"secret":false,"type":"string"},"messageSelector":{"componentProperty":false,"deprecated":false,"displayName":"Message selector","group":"consumer (advanced)","javaType":"java.lang.String","kind":"parameter","label":"consumer,advanced","labelHint":"Specify a filter expression to receive only data that meets certain criteria.","order":4,"required":false,"secret":false,"type":"string"}}}]},"id":"io.syndesis:amqp-subscribe-action","name":"Subscribe for messages","pattern":"From"},{"actionType":"connector","description":"Send data to the destination you specify and receive a response.","descriptor":{"inputDataShape":{"kind":"any"},"outputDataShape":{"kind":"any"},"propertyDefinitionSteps":[{"description":"Specify AMQP destination properties, including queue or topic name.","name":"Select the AMQP Destination","properties":{"destinationName":{"componentProperty":false,"deprecated":false,"displayName":"Destination name","group":"common","javaType":"java.lang.String","kind":"path","labelHint":"Name of the queue or topic to receive data from.","order":1,"required":true,"secret":false,"type":"string"},"destinationType":{"componentProperty":false,"defaultValue":"queue","deprecated":false,"displayName":"Destination type","enum":[{"label":"Topic","value":"topic"},{"label":"Queue","value":"queue"}],"group":"common","javaType":"java.lang.String","kind":"path","labelHint":"By default, the destination is a queue.","order":2,"required":false,"secret":false,"type":"string"},"durableSubscriptionId":{"componentProperty":false,"deprecated":false,"displayName":"Durable subscription ID","group":"consumer","javaType":"java.lang.String","kind":"parameter","label":"consumer","labelHint":"Set the ID that lets connections close and reopen without missing messages. Destination type must be a topic.","order":3,"required":false,"secret":false,"type":"string"},"messageSelector":{"componentProperty":false,"deprecated":false,"displayName":"Message selector","group":"consumer (advanced)","javaType":"java.lang.String","kind":"parameter","label":"consumer,advanced","labelHint":"Specify a filter expression to receive only data that meets certain criteria.","order":4,"required":false,"secret":false,"type":"string"}}}]},"id":"io.syndesis:amqp-request-action","name":"Request response using messages","pattern":"To"}],"componentScheme":"amqp","connectorFactory":"io.syndesis.connector.amqp.AMQPConnectorFactory","dependencies":[{"id":"io.syndesis.connector:connector-amqp:1.14.0.fuse-7_11_0-00027-redhat-00001","type":"MAVEN"}],"description":"Subscribe for and publish messages.","icon":"assets:amqp.svg","id":"amqp","name":"AMQP Message Broker","properties":{"brokerCertificate":{"componentProperty":true,"deprecated":false,"description":"AMQ Broker X.509 PEM certificate","displayName":"Broker certificate","group":"security","javaType":"java.lang.String","kind":"property","label":"common,security","order":6,"relation":[{"action":"ENABLE","when":[{"id":"skipCertificateCheck","value":"false"}]}],"required":false,"secret":false,"type":"textarea"},"clientCertificate":{"componentProperty":true,"deprecated":false,"description":"AMQ Client X.509 PEM certificate","displayName":"Client certificate","group":"security","javaType":"java.lang.String","kind":"property","label":"common,security","order":7,"relation":[{"action":"ENABLE","when":[{"id":"skipCertificateCheck","value":"false"}]}],"required":false,"secret":false,"type":"textarea"},"clientID":{"componentProperty":true,"deprecated":false,"displayName":"Client ID","group":"security","javaType":"java.lang.String","kind":"property","label":"common,security","labelHint":"Required for connections to close and reopen without missing messages. Connection destination must be a topic.","order":4,"required":false,"secret":false,"type":"string"},"connectionUri":{"componentProperty":true,"deprecated":false,"displayName":"Connection URI","group":"common","javaType":"java.lang.String","kind":"property","label":"common","labelHint":"Location to send data to or obtain data from.","order":1,"required":true,"secret":false,"type":"string"},"password":{"componentProperty":true,"deprecated":false,"displayName":"Password","group":"security","javaType":"java.lang.String","kind":"property","label":"common,security","labelHint":"Password for the specified user account.","order":3,"required":false,"secret":true,"type":"string"},"skipCertificateCheck":{"componentProperty":true,"defaultValue":"false","deprecated":false,"displayName":"Check certificates","enum":[{"label":"Disable","value":"true"},{"label":"Enable","value":"false"}],"group":"security","javaType":"java.lang.String","kind":"property","label":"common,security","labelHint":"Ensure certificate checks are enabled for secure production environments. Disable for convenience in only development environments.","order":5,"required":false,"secret":false,"type":"string"},"username":{"componentProperty":true,"deprecated":false,"displayName":"User name","group":"security","javaType":"java.lang.String","kind":"property","label":"common,security","labelHint":"Access the broker with this user’s authorization credentials.","order":2,"required":false,"secret":false,"type":"string"}},"tags":["verifier"],"version":1}},"integrations":{":i-MAewoLOE8D6MxN3fTOFz":{"createdAt":1659091163695,"description":"AMQP consumer that simply retrieve messages from the JSON.VALIDATION.OK.RESP queue and logs them.","flows":[{"id":"-MAevPr1W4BvUeTSzP6b","steps":[{"action":{"actionType":"connector","description":"Receive data from the destination you specify.","descriptor":{"inputDataShape":{"kind":"none"},"outputDataShape":{"description":"JSON Schema definition for the JSON successful validation response","kind":"json-instance","metadata":{"userDefined":"true"},"name":"JsonValidationResponseType","specification":"{\"validationResult\":{\"status\":\"OK\"},\"jsonPayloadValidated\":{\"changedBy\":\"jeanNyil\",\"endDate\":\"2100-06-16\",\"enrolmentDate\":\"2019-06-16\",\"forcedLevelCode\":\"69\",\"memberID\":85623617,\"requestID\":5948,\"requestType\":\"API\",\"startDate\":\"2019-06-16\",\"status\":\"A\",\"vipOnInvitation\":\"Y\"}}"},"propertyDefinitionSteps":[{"name":"Select the AMQP Destination","properties":{"destinationName":{"componentProperty":false,"deprecated":false,"displayName":"Destination name","group":"common","javaType":"java.lang.String","kind":"path","labelHint":"Name of the queue or topic to receive data from.","order":1,"required":true,"secret":false,"type":"string"},"destinationType":{"componentProperty":false,"defaultValue":"queue","deprecated":false,"displayName":"Destination type","enum":[{"label":"Topic","value":"topic"},{"label":"Queue","value":"queue"}],"group":"common","javaType":"java.lang.String","kind":"path","labelHint":"By default, the destination is a queue.","order":2,"required":false,"secret":false,"type":"string"},"durableSubscriptionId":{"componentProperty":false,"deprecated":false,"displayName":"Durable subscription ID","group":"consumer","javaType":"java.lang.String","kind":"parameter","label":"consumer","labelHint":"Set the ID that lets connections close and reopen without missing messages. Destination type must be a topic.","order":3,"required":false,"secret":false,"type":"string"},"messageSelector":{"componentProperty":false,"deprecated":false,"displayName":"Message selector","group":"consumer (advanced)","javaType":"java.lang.String","kind":"parameter","label":"consumer,advanced","labelHint":"Specify a filter expression to receive only data that meets certain criteria.","order":4,"required":false,"secret":false,"type":"string"}}}]},"id":"io.syndesis:amqp-subscribe-action","name":"Subscribe for messages","pattern":"From"},"configuredProperties":{"destinationName":"JSON.VALIDATION.OK.RESP","destinationType":"queue"},"connection":{"configuredProperties":{"connectionUri":"amqps://amq-ssl-broker-amqp-0-svc.amq7-broker-cluster.svc:5672?transport.trustAll=true&transport.verifyHost=false&amqp.idleTimeout=120000","password":"»ENC:2b681b1413ce624c61b2af319bdee150d16ad015725e330637f443a99f65fc0c","skipCertificateCheck":"false","username":"fuse-online-integrations"},"connector":{"actions":[{"actionType":"connector","description":"Send data to the destination you specify.","descriptor":{"configuredProperties":{"disableReplyTo":"true"},"inputDataShape":{"kind":"any"},"outputDataShape":{"kind":"none"},"propertyDefinitionSteps":[{"description":"Specify AMQP destination properties, including queue or topic name.","name":"Select the AMQP Destination","properties":{"deliveryPersistent":{"componentProperty":false,"defaultValue":"true","deprecated":false,"displayName":"Persistent","group":"producer","javaType":"boolean","kind":"parameter","label":"producer","labelHint":"Message delivery is guaranteed when Persistent is selected.","order":3,"required":false,"secret":false,"type":"boolean"},"destinationName":{"componentProperty":false,"deprecated":false,"displayName":"Destination name","group":"common","javaType":"java.lang.String","kind":"path","labelHint":"Name of the queue or topic to send data to.","order":1,"required":true,"secret":false,"type":"string"},"destinationType":{"componentProperty":false,"defaultValue":"queue","deprecated":false,"displayName":"Destination type","enum":[{"label":"Topic","value":"topic"},{"label":"Queue","value":"queue"}],"group":"common","javaType":"java.lang.String","kind":"path","labelHint":"By default, the destination is a queue.","order":2,"required":false,"secret":false,"type":"string"}}}]},"id":"io.syndesis:amqp-publish-action","name":"Publish messages","pattern":"To"},{"actionType":"connector","description":"Receive data from the destination you specify.","descriptor":{"inputDataShape":{"kind":"none"},"outputDataShape":{"kind":"any"},"propertyDefinitionSteps":[{"description":"Specify AMQP destination properties, including queue or topic name.","name":"Select the AMQP Destination","properties":{"destinationName":{"componentProperty":false,"deprecated":false,"displayName":"Destination name","group":"common","javaType":"java.lang.String","kind":"path","labelHint":"Name of the queue or topic to receive data from.","order":1,"required":true,"secret":false,"type":"string"},"destinationType":{"componentProperty":false,"defaultValue":"queue","deprecated":false,"displayName":"Destination type","enum":[{"label":"Topic","value":"topic"},{"label":"Queue","value":"queue"}],"group":"common","javaType":"java.lang.String","kind":"path","labelHint":"By default, the destination is a queue.","order":2,"required":false,"secret":false,"type":"string"},"durableSubscriptionId":{"componentProperty":false,"deprecated":false,"displayName":"Durable subscription ID","group":"consumer","javaType":"java.lang.String","kind":"parameter","label":"consumer","labelHint":"Set the ID that lets connections close and reopen without missing messages. Destination type must be a topic.","order":3,"required":false,"secret":false,"type":"string"},"messageSelector":{"componentProperty":false,"deprecated":false,"displayName":"Message selector","group":"consumer (advanced)","javaType":"java.lang.String","kind":"parameter","label":"consumer,advanced","labelHint":"Specify a filter expression to receive only data that meets certain criteria.","order":4,"required":false,"secret":false,"type":"string"}}}]},"id":"io.syndesis:amqp-subscribe-action","name":"Subscribe for messages","pattern":"From"},{"actionType":"connector","description":"Send data to the destination you specify and receive a response.","descriptor":{"inputDataShape":{"kind":"any"},"outputDataShape":{"kind":"any"},"propertyDefinitionSteps":[{"description":"Specify AMQP destination properties, including queue or topic name.","name":"Select the AMQP Destination","properties":{"destinationName":{"componentProperty":false,"deprecated":false,"displayName":"Destination name","group":"common","javaType":"java.lang.String","kind":"path","labelHint":"Name of the queue or topic to receive data from.","order":1,"required":true,"secret":false,"type":"string"},"destinationType":{"componentProperty":false,"defaultValue":"queue","deprecated":false,"displayName":"Destination type","enum":[{"label":"Topic","value":"topic"},{"label":"Queue","value":"queue"}],"group":"common","javaType":"java.lang.String","kind":"path","labelHint":"By default, the destination is a queue.","order":2,"required":false,"secret":false,"type":"string"},"durableSubscriptionId":{"componentProperty":false,"deprecated":false,"displayName":"Durable subscription ID","group":"consumer","javaType":"java.lang.String","kind":"parameter","label":"consumer","labelHint":"Set the ID that lets connections close and reopen without missing messages. Destination type must be a topic.","order":3,"required":false,"secret":false,"type":"string"},"messageSelector":{"componentProperty":false,"deprecated":false,"displayName":"Message selector","group":"consumer (advanced)","javaType":"java.lang.String","kind":"parameter","label":"consumer,advanced","labelHint":"Specify a filter expression to receive only data that meets certain criteria.","order":4,"required":false,"secret":false,"type":"string"}}}]},"id":"io.syndesis:amqp-request-action","name":"Request response using messages","pattern":"To"}],"componentScheme":"amqp","connectorFactory":"io.syndesis.connector.amqp.AMQPConnectorFactory","dependencies":[{"id":"io.syndesis.connector:connector-amqp:1.14.0.fuse-7_11_0-00027-redhat-00001","type":"MAVEN"}],"description":"Subscribe for and publish messages.","icon":"assets:amqp.svg","id":"amqp","name":"AMQP Message Broker","properties":{"brokerCertificate":{"componentProperty":true,"deprecated":false,"description":"AMQ Broker X.509 PEM certificate","displayName":"Broker certificate","group":"security","javaType":"java.lang.String","kind":"property","label":"common,security","order":6,"relation":[{"action":"ENABLE","when":[{"id":"skipCertificateCheck","value":"false"}]}],"required":false,"secret":false,"type":"textarea"},"clientCertificate":{"componentProperty":true,"deprecated":false,"description":"AMQ Client X.509 PEM certificate","displayName":"Client certificate","group":"security","javaType":"java.lang.String","kind":"property","label":"common,security","order":7,"relation":[{"action":"ENABLE","when":[{"id":"skipCertificateCheck","value":"false"}]}],"required":false,"secret":false,"type":"textarea"},"clientID":{"componentProperty":true,"deprecated":false,"displayName":"Client ID","group":"security","javaType":"java.lang.String","kind":"property","label":"common,security","labelHint":"Required for connections to close and reopen without missing messages. Connection destination must be a topic.","order":4,"required":false,"secret":false,"type":"string"},"connectionUri":{"componentProperty":true,"deprecated":false,"displayName":"Connection URI","group":"common","javaType":"java.lang.String","kind":"property","label":"common","labelHint":"Location to send data to or obtain data from.","order":1,"required":true,"secret":false,"type":"string"},"password":{"componentProperty":true,"deprecated":false,"displayName":"Password","group":"security","javaType":"java.lang.String","kind":"property","label":"common,security","labelHint":"Password for the specified user account.","order":3,"required":false,"secret":true,"type":"string"},"skipCertificateCheck":{"componentProperty":true,"defaultValue":"false","deprecated":false,"displayName":"Check certificates","enum":[{"label":"Disable","value":"true"},{"label":"Enable","value":"false"}],"group":"security","javaType":"java.lang.String","kind":"property","label":"common,security","labelHint":"Ensure certificate checks are enabled for secure production environments. Disable for convenience in only development environments.","order":5,"required":false,"secret":false,"type":"string"},"username":{"componentProperty":true,"deprecated":false,"displayName":"User name","group":"security","javaType":"java.lang.String","kind":"property","label":"common,security","labelHint":"Access the broker with this user’s authorization credentials.","order":2,"required":false,"secret":false,"type":"string"}},"tags":["verifier"],"version":1},"connectorId":"amqp","createdDate":1592868147828,"description":"Subscribe for and publish AMQP 1.0 messages.","icon":"assets:amqp.svg","id":"i-MATKl8tE8D6MxN3fTNtz","isDerived":false,"lastUpdated":1659092064119,"name":"Red Hat AMQ 7 Broker AMQP connection","userId":"jeannyil","uses":0},"id":"-MAew0DRW4BvUeTSzP6b","metadata":{"configured":"true"},"stepKind":"endpoint"},{"configuredProperties":{"bodyLoggingEnabled":"true","contextLoggingEnabled":"true","customText":"<=> Purged AMQP message from the JSON.VALIDATION.OK.RESP queue"},"id":"-MAewB8jW4BvUeTSzP6b","metadata":{"configured":"true"},"name":"Log","stepKind":"log"}],"tags":["i-MATKl8tE8D6MxN3fTNtz"],"type":"PRIMARY"}],"id":"i-MAewoLOE8D6MxN3fTOFz","name":"_ConsumeJsonValidationRespAMQPQueue","tags":["amqp"],"updatedAt":1659092127102,"version":6}}}