{"connections":{":i-MATKl8tE8D6MxN3fTNtz":{"configuredProperties":{"connectionUri":"amqps://amq-ssl-broker-amqp-0-svc.amq7-broker-cluster.svc:5672?transport.trustAll=true&transport.verifyHost=false&amqp.idleTimeout=120000","password":"»ENC:2b681b1413ce624c61b2af319bdee150d16ad015725e330637f443a99f65fc0c","skipCertificateCheck":"false","username":"fuse-online-integrations"},"connector":{"actions":[{"actionType":"connector","description":"Send data to the destination you specify.","descriptor":{"configuredProperties":{"disableReplyTo":"true"},"inputDataShape":{"kind":"any"},"outputDataShape":{"kind":"none"},"propertyDefinitionSteps":[{"description":"Specify AMQP destination properties, including queue or topic name.","name":"Select the AMQP Destination","properties":{"deliveryPersistent":{"componentProperty":false,"defaultValue":"true","deprecated":false,"displayName":"Persistent","group":"producer","javaType":"boolean","kind":"parameter","label":"producer","labelHint":"Message delivery is guaranteed when Persistent is selected.","order":3,"required":false,"secret":false,"type":"boolean"},"destinationName":{"componentProperty":false,"deprecated":false,"displayName":"Destination name","group":"common","javaType":"java.lang.String","kind":"path","labelHint":"Name of the queue or topic to send data to.","order":1,"required":true,"secret":false,"type":"string"},"destinationType":{"componentProperty":false,"defaultValue":"queue","deprecated":false,"displayName":"Destination type","enum":[{"label":"Topic","value":"topic"},{"label":"Queue","value":"queue"}],"group":"common","javaType":"java.lang.String","kind":"path","labelHint":"By default, the destination is a queue.","order":2,"required":false,"secret":false,"type":"string"}}}]},"id":"io.syndesis:amqp-publish-action","name":"Publish messages","pattern":"To"},{"actionType":"connector","description":"Receive data from the destination you specify.","descriptor":{"inputDataShape":{"kind":"none"},"outputDataShape":{"kind":"any"},"propertyDefinitionSteps":[{"description":"Specify AMQP destination properties, including queue or topic name.","name":"Select the AMQP Destination","properties":{"destinationName":{"componentProperty":false,"deprecated":false,"displayName":"Destination name","group":"common","javaType":"java.lang.String","kind":"path","labelHint":"Name of the queue or topic to receive data from.","order":1,"required":true,"secret":false,"type":"string"},"destinationType":{"componentProperty":false,"defaultValue":"queue","deprecated":false,"displayName":"Destination type","enum":[{"label":"Topic","value":"topic"},{"label":"Queue","value":"queue"}],"group":"common","javaType":"java.lang.String","kind":"path","labelHint":"By default, the destination is a queue.","order":2,"required":false,"secret":false,"type":"string"},"durableSubscriptionId":{"componentProperty":false,"deprecated":false,"displayName":"Durable subscription ID","group":"consumer","javaType":"java.lang.String","kind":"parameter","label":"consumer","labelHint":"Set the ID that lets connections close and reopen without missing messages. Destination type must be a topic.","order":3,"required":false,"secret":false,"type":"string"},"messageSelector":{"componentProperty":false,"deprecated":false,"displayName":"Message selector","group":"consumer (advanced)","javaType":"java.lang.String","kind":"parameter","label":"consumer,advanced","labelHint":"Specify a filter expression to receive only data that meets certain criteria.","order":4,"required":false,"secret":false,"type":"string"}}}]},"id":"io.syndesis:amqp-subscribe-action","name":"Subscribe for messages","pattern":"From"},{"actionType":"connector","description":"Send data to the destination you specify and receive a response.","descriptor":{"inputDataShape":{"kind":"any"},"outputDataShape":{"kind":"any"},"propertyDefinitionSteps":[{"description":"Specify AMQP destination properties, including queue or topic name.","name":"Select the AMQP Destination","properties":{"destinationName":{"componentProperty":false,"deprecated":false,"displayName":"Destination name","group":"common","javaType":"java.lang.String","kind":"path","labelHint":"Name of the queue or topic to receive data from.","order":1,"required":true,"secret":false,"type":"string"},"destinationType":{"componentProperty":false,"defaultValue":"queue","deprecated":false,"displayName":"Destination type","enum":[{"label":"Topic","value":"topic"},{"label":"Queue","value":"queue"}],"group":"common","javaType":"java.lang.String","kind":"path","labelHint":"By default, the destination is a queue.","order":2,"required":false,"secret":false,"type":"string"},"durableSubscriptionId":{"componentProperty":false,"deprecated":false,"displayName":"Durable subscription ID","group":"consumer","javaType":"java.lang.String","kind":"parameter","label":"consumer","labelHint":"Set the ID that lets connections close and reopen without missing messages. Destination type must be a topic.","order":3,"required":false,"secret":false,"type":"string"},"messageSelector":{"componentProperty":false,"deprecated":false,"displayName":"Message selector","group":"consumer (advanced)","javaType":"java.lang.String","kind":"parameter","label":"consumer,advanced","labelHint":"Specify a filter expression to receive only data that meets certain criteria.","order":4,"required":false,"secret":false,"type":"string"}}}]},"id":"io.syndesis:amqp-request-action","name":"Request response using messages","pattern":"To"}],"componentScheme":"amqp","connectorFactory":"io.syndesis.connector.amqp.AMQPConnectorFactory","dependencies":[{"id":"io.syndesis.connector:connector-amqp:1.14.0.fuse-7_11_0-00027-redhat-00001","type":"MAVEN"}],"description":"Subscribe for and publish messages.","icon":"assets:amqp.svg","id":"amqp","name":"AMQP Message Broker","properties":{"brokerCertificate":{"componentProperty":true,"deprecated":false,"description":"AMQ Broker X.509 PEM certificate","displayName":"Broker certificate","group":"security","javaType":"java.lang.String","kind":"property","label":"common,security","order":6,"relation":[{"action":"ENABLE","when":[{"id":"skipCertificateCheck","value":"false"}]}],"required":false,"secret":false,"type":"textarea"},"clientCertificate":{"componentProperty":true,"deprecated":false,"description":"AMQ Client X.509 PEM certificate","displayName":"Client certificate","group":"security","javaType":"java.lang.String","kind":"property","label":"common,security","order":7,"relation":[{"action":"ENABLE","when":[{"id":"skipCertificateCheck","value":"false"}]}],"required":false,"secret":false,"type":"textarea"},"clientID":{"componentProperty":true,"deprecated":false,"displayName":"Client ID","group":"security","javaType":"java.lang.String","kind":"property","label":"common,security","labelHint":"Required for connections to close and reopen without missing messages. Connection destination must be a topic.","order":4,"required":false,"secret":false,"type":"string"},"connectionUri":{"componentProperty":true,"deprecated":false,"displayName":"Connection URI","group":"common","javaType":"java.lang.String","kind":"property","label":"common","labelHint":"Location to send data to or obtain data from.","order":1,"required":true,"secret":false,"type":"string"},"password":{"componentProperty":true,"deprecated":false,"displayName":"Password","group":"security","javaType":"java.lang.String","kind":"property","label":"common,security","labelHint":"Password for the specified user account.","order":3,"required":false,"secret":true,"type":"string"},"skipCertificateCheck":{"componentProperty":true,"defaultValue":"false","deprecated":false,"displayName":"Check certificates","enum":[{"label":"Disable","value":"true"},{"label":"Enable","value":"false"}],"group":"security","javaType":"java.lang.String","kind":"property","label":"common,security","labelHint":"Ensure certificate checks are enabled for secure production environments. Disable for convenience in only development environments.","order":5,"required":false,"secret":false,"type":"string"},"username":{"componentProperty":true,"deprecated":false,"displayName":"User name","group":"security","javaType":"java.lang.String","kind":"property","label":"common,security","labelHint":"Access the broker with this user’s authorization credentials.","order":2,"required":false,"secret":false,"type":"string"}},"tags":["verifier"],"version":1},"connectorId":"amqp","createdDate":1592868147828,"description":"Subscribe for and publish AMQP 1.0 messages.","icon":"assets:amqp.svg","id":"i-MATKl8tE8D6MxN3fTNtz","isDerived":false,"lastUpdated":1659092064119,"name":"Red Hat AMQ 7 Broker AMQP connection","userId":"jeannyil","uses":0},":timer":{"connector":{"actions":[{"actionType":"connector","description":"Specify an amount of time and its unit to periodically trigger integration execution. ","descriptor":{"componentScheme":"timer","configuredProperties":{"timerName":"syndesis-timer"},"inputDataShape":{"kind":"none"},"outputDataShape":{"kind":"none"},"propertyDefinitionSteps":[{"description":"Period","name":"Period","properties":{"period":{"componentProperty":false,"defaultValue":"60000","deprecated":false,"description":"Period","displayName":"Period","javaType":"long","kind":"parameter","labelHint":"Delay between each execution of the integration.","required":true,"secret":false,"type":"duration"}}}]},"id":"io.syndesis:timer-action","name":"Simple","pattern":"From"},{"actionType":"connector","description":"Specify a cron utility expression for a more complex integration execution schedule.","descriptor":{"componentScheme":"quartz2","configuredProperties":{"triggerName":"syndesis-quartz"},"inputDataShape":{"kind":"none"},"outputDataShape":{"kind":"none"},"propertyDefinitionSteps":[{"description":"Cron","name":"cron","properties":{"cron":{"componentProperty":false,"defaultValue":"0 0/1 * * * ?","deprecated":false,"description":"A cron expression, for example the expression for every minute is 0 0/1 * * * ?","displayName":"Cron Expression","javaType":"string","kind":"parameter","labelHint":"Delay between scheduling (executing) the integration expressed as a cron expression","required":true,"secret":false,"type":"string"}}}]},"id":"io.syndesis:timer-chron","name":"Cron","pattern":"From"}],"dependencies":[{"id":"io.syndesis.connector:connector-timer:1.14.0.fuse-7_11_0-00027-redhat-00001","type":"MAVEN"},{"id":"org.apache.camel:camel-quartz2:2.23.2.fuse-7_11_0-00037-redhat-00001","type":"MAVEN"}],"description":"Trigger events based on an interval or a quartz expression","icon":"assets:timer.svg","id":"timer","metadata":{"hide-from-connection-pages":"true"},"name":"Timer","version":1},"connectorId":"timer","description":"Trigger integration execution based on an interval or a cron expression","icon":"assets:timer.svg","id":"timer","isDerived":false,"metadata":{"hide-from-connection-pages":"true"},"name":"Timer","uses":0}},"connectors":{":amqp":{"actions":[{"actionType":"connector","description":"Send data to the destination you specify.","descriptor":{"configuredProperties":{"disableReplyTo":"true"},"inputDataShape":{"kind":"any"},"outputDataShape":{"kind":"none"},"propertyDefinitionSteps":[{"description":"Specify AMQP destination properties, including queue or topic name.","name":"Select the AMQP Destination","properties":{"deliveryPersistent":{"componentProperty":false,"defaultValue":"true","deprecated":false,"displayName":"Persistent","group":"producer","javaType":"boolean","kind":"parameter","label":"producer","labelHint":"Message delivery is guaranteed when Persistent is selected.","order":3,"required":false,"secret":false,"type":"boolean"},"destinationName":{"componentProperty":false,"deprecated":false,"displayName":"Destination name","group":"common","javaType":"java.lang.String","kind":"path","labelHint":"Name of the queue or topic to send data to.","order":1,"required":true,"secret":false,"type":"string"},"destinationType":{"componentProperty":false,"defaultValue":"queue","deprecated":false,"displayName":"Destination type","enum":[{"label":"Topic","value":"topic"},{"label":"Queue","value":"queue"}],"group":"common","javaType":"java.lang.String","kind":"path","labelHint":"By default, the destination is a queue.","order":2,"required":false,"secret":false,"type":"string"}}}]},"id":"io.syndesis:amqp-publish-action","name":"Publish messages","pattern":"To"},{"actionType":"connector","description":"Receive data from the destination you specify.","descriptor":{"inputDataShape":{"kind":"none"},"outputDataShape":{"kind":"any"},"propertyDefinitionSteps":[{"description":"Specify AMQP destination properties, including queue or topic name.","name":"Select the AMQP Destination","properties":{"destinationName":{"componentProperty":false,"deprecated":false,"displayName":"Destination name","group":"common","javaType":"java.lang.String","kind":"path","labelHint":"Name of the queue or topic to receive data from.","order":1,"required":true,"secret":false,"type":"string"},"destinationType":{"componentProperty":false,"defaultValue":"queue","deprecated":false,"displayName":"Destination type","enum":[{"label":"Topic","value":"topic"},{"label":"Queue","value":"queue"}],"group":"common","javaType":"java.lang.String","kind":"path","labelHint":"By default, the destination is a queue.","order":2,"required":false,"secret":false,"type":"string"},"durableSubscriptionId":{"componentProperty":false,"deprecated":false,"displayName":"Durable subscription ID","group":"consumer","javaType":"java.lang.String","kind":"parameter","label":"consumer","labelHint":"Set the ID that lets connections close and reopen without missing messages. Destination type must be a topic.","order":3,"required":false,"secret":false,"type":"string"},"messageSelector":{"componentProperty":false,"deprecated":false,"displayName":"Message selector","group":"consumer (advanced)","javaType":"java.lang.String","kind":"parameter","label":"consumer,advanced","labelHint":"Specify a filter expression to receive only data that meets certain criteria.","order":4,"required":false,"secret":false,"type":"string"}}}]},"id":"io.syndesis:amqp-subscribe-action","name":"Subscribe for messages","pattern":"From"},{"actionType":"connector","description":"Send data to the destination you specify and receive a response.","descriptor":{"inputDataShape":{"kind":"any"},"outputDataShape":{"kind":"any"},"propertyDefinitionSteps":[{"description":"Specify AMQP destination properties, including queue or topic name.","name":"Select the AMQP Destination","properties":{"destinationName":{"componentProperty":false,"deprecated":false,"displayName":"Destination name","group":"common","javaType":"java.lang.String","kind":"path","labelHint":"Name of the queue or topic to receive data from.","order":1,"required":true,"secret":false,"type":"string"},"destinationType":{"componentProperty":false,"defaultValue":"queue","deprecated":false,"displayName":"Destination type","enum":[{"label":"Topic","value":"topic"},{"label":"Queue","value":"queue"}],"group":"common","javaType":"java.lang.String","kind":"path","labelHint":"By default, the destination is a queue.","order":2,"required":false,"secret":false,"type":"string"},"durableSubscriptionId":{"componentProperty":false,"deprecated":false,"displayName":"Durable subscription ID","group":"consumer","javaType":"java.lang.String","kind":"parameter","label":"consumer","labelHint":"Set the ID that lets connections close and reopen without missing messages. Destination type must be a topic.","order":3,"required":false,"secret":false,"type":"string"},"messageSelector":{"componentProperty":false,"deprecated":false,"displayName":"Message selector","group":"consumer (advanced)","javaType":"java.lang.String","kind":"parameter","label":"consumer,advanced","labelHint":"Specify a filter expression to receive only data that meets certain criteria.","order":4,"required":false,"secret":false,"type":"string"}}}]},"id":"io.syndesis:amqp-request-action","name":"Request response using messages","pattern":"To"}],"componentScheme":"amqp","connectorFactory":"io.syndesis.connector.amqp.AMQPConnectorFactory","dependencies":[{"id":"io.syndesis.connector:connector-amqp:1.14.0.fuse-7_11_0-00027-redhat-00001","type":"MAVEN"}],"description":"Subscribe for and publish messages.","icon":"assets:amqp.svg","id":"amqp","name":"AMQP Message Broker","properties":{"brokerCertificate":{"componentProperty":true,"deprecated":false,"description":"AMQ Broker X.509 PEM certificate","displayName":"Broker certificate","group":"security","javaType":"java.lang.String","kind":"property","label":"common,security","order":6,"relation":[{"action":"ENABLE","when":[{"id":"skipCertificateCheck","value":"false"}]}],"required":false,"secret":false,"type":"textarea"},"clientCertificate":{"componentProperty":true,"deprecated":false,"description":"AMQ Client X.509 PEM certificate","displayName":"Client certificate","group":"security","javaType":"java.lang.String","kind":"property","label":"common,security","order":7,"relation":[{"action":"ENABLE","when":[{"id":"skipCertificateCheck","value":"false"}]}],"required":false,"secret":false,"type":"textarea"},"clientID":{"componentProperty":true,"deprecated":false,"displayName":"Client ID","group":"security","javaType":"java.lang.String","kind":"property","label":"common,security","labelHint":"Required for connections to close and reopen without missing messages. Connection destination must be a topic.","order":4,"required":false,"secret":false,"type":"string"},"connectionUri":{"componentProperty":true,"deprecated":false,"displayName":"Connection URI","group":"common","javaType":"java.lang.String","kind":"property","label":"common","labelHint":"Location to send data to or obtain data from.","order":1,"required":true,"secret":false,"type":"string"},"password":{"componentProperty":true,"deprecated":false,"displayName":"Password","group":"security","javaType":"java.lang.String","kind":"property","label":"common,security","labelHint":"Password for the specified user account.","order":3,"required":false,"secret":true,"type":"string"},"skipCertificateCheck":{"componentProperty":true,"defaultValue":"false","deprecated":false,"displayName":"Check certificates","enum":[{"label":"Disable","value":"true"},{"label":"Enable","value":"false"}],"group":"security","javaType":"java.lang.String","kind":"property","label":"common,security","labelHint":"Ensure certificate checks are enabled for secure production environments. Disable for convenience in only development environments.","order":5,"required":false,"secret":false,"type":"string"},"username":{"componentProperty":true,"deprecated":false,"displayName":"User name","group":"security","javaType":"java.lang.String","kind":"property","label":"common,security","labelHint":"Access the broker with this user’s authorization credentials.","order":2,"required":false,"secret":false,"type":"string"}},"tags":["verifier"],"version":1},":timer":{"actions":[{"actionType":"connector","description":"Specify an amount of time and its unit to periodically trigger integration execution. ","descriptor":{"componentScheme":"timer","configuredProperties":{"timerName":"syndesis-timer"},"inputDataShape":{"kind":"none"},"outputDataShape":{"kind":"none"},"propertyDefinitionSteps":[{"description":"Period","name":"Period","properties":{"period":{"componentProperty":false,"defaultValue":"60000","deprecated":false,"description":"Period","displayName":"Period","javaType":"long","kind":"parameter","labelHint":"Delay between each execution of the integration.","required":true,"secret":false,"type":"duration"}}}]},"id":"io.syndesis:timer-action","name":"Simple","pattern":"From"},{"actionType":"connector","description":"Specify a cron utility expression for a more complex integration execution schedule.","descriptor":{"componentScheme":"quartz2","configuredProperties":{"triggerName":"syndesis-quartz"},"inputDataShape":{"kind":"none"},"outputDataShape":{"kind":"none"},"propertyDefinitionSteps":[{"description":"Cron","name":"cron","properties":{"cron":{"componentProperty":false,"defaultValue":"0 0/1 * * * ?","deprecated":false,"description":"A cron expression, for example the expression for every minute is 0 0/1 * * * ?","displayName":"Cron Expression","javaType":"string","kind":"parameter","labelHint":"Delay between scheduling (executing) the integration expressed as a cron expression","required":true,"secret":false,"type":"string"}}}]},"id":"io.syndesis:timer-chron","name":"Cron","pattern":"From"}],"dependencies":[{"id":"io.syndesis.connector:connector-timer:1.14.0.fuse-7_11_0-00027-redhat-00001","type":"MAVEN"},{"id":"org.apache.camel:camel-quartz2:2.23.2.fuse-7_11_0-00037-redhat-00001","type":"MAVEN"}],"description":"Trigger events based on an interval or a quartz expression","icon":"assets:timer.svg","id":"timer","metadata":{"hide-from-connection-pages":"true"},"name":"Timer","version":1}},"integrations":{":i-MATdRQ-E8D6MxN3fTO2z":{"createdAt":1659091165298,"description":"Sends, periodically (every 5mn), AMQP messages containing constant JSON payload to be validated by the JSONValidationMicroService integration","flows":[{"id":"-MATanSF7txPM2WyGtdB","steps":[{"action":{"actionType":"connector","description":"Specify an amount of time and its unit to periodically trigger integration execution. ","descriptor":{"componentScheme":"timer","configuredProperties":{"timerName":"syndesis-timer"},"inputDataShape":{"kind":"none"},"outputDataShape":{"kind":"none"},"propertyDefinitionSteps":[{"name":"Period","properties":{"period":{"componentProperty":false,"defaultValue":"60000","deprecated":false,"description":"Period","displayName":"Period","javaType":"long","kind":"parameter","labelHint":"Delay between each execution of the integration.","required":true,"secret":false,"type":"duration"}}}]},"id":"io.syndesis:timer-action","name":"Simple","pattern":"From"},"configuredProperties":{"period":"300000"},"connection":{"connector":{"actions":[{"actionType":"connector","description":"Specify an amount of time and its unit to periodically trigger integration execution. ","descriptor":{"componentScheme":"timer","configuredProperties":{"timerName":"syndesis-timer"},"inputDataShape":{"kind":"none"},"outputDataShape":{"kind":"none"},"propertyDefinitionSteps":[{"description":"Period","name":"Period","properties":{"period":{"componentProperty":false,"defaultValue":"60000","deprecated":false,"description":"Period","displayName":"Period","javaType":"long","kind":"parameter","labelHint":"Delay between each execution of the integration.","required":true,"secret":false,"type":"duration"}}}]},"id":"io.syndesis:timer-action","name":"Simple","pattern":"From"},{"actionType":"connector","description":"Specify a cron utility expression for a more complex integration execution schedule.","descriptor":{"componentScheme":"quartz2","configuredProperties":{"triggerName":"syndesis-quartz"},"inputDataShape":{"kind":"none"},"outputDataShape":{"kind":"none"},"propertyDefinitionSteps":[{"description":"Cron","name":"cron","properties":{"cron":{"componentProperty":false,"defaultValue":"0 0/1 * * * ?","deprecated":false,"description":"A cron expression, for example the expression for every minute is 0 0/1 * * * ?","displayName":"Cron Expression","javaType":"string","kind":"parameter","labelHint":"Delay between scheduling (executing) the integration expressed as a cron expression","required":true,"secret":false,"type":"string"}}}]},"id":"io.syndesis:timer-chron","name":"Cron","pattern":"From"}],"dependencies":[{"id":"io.syndesis.connector:connector-timer:1.14.0.fuse-7_11_0-00027-redhat-00001","type":"MAVEN"},{"id":"org.apache.camel:camel-quartz2:2.23.2.fuse-7_11_0-00037-redhat-00001","type":"MAVEN"}],"description":"Trigger events based on an interval or a quartz expression","icon":"assets:timer.svg","id":"timer","metadata":{"hide-from-connection-pages":"true"},"name":"Timer","version":1},"connectorId":"timer","description":"Trigger integration execution based on an interval or a cron expression","icon":"assets:timer.svg","id":"timer","isDerived":false,"metadata":{"hide-from-connection-pages":"true"},"name":"Timer","uses":0},"id":"-MATb2nd7txPM2WyGtdB","metadata":{"configured":"true"},"stepKind":"endpoint"},{"action":{"actionType":"step","descriptor":{"inputDataShape":{"kind":"any","name":"All preceding outputs"},"outputDataShape":{"description":"JSON Payload containing the JSON data to be validated","kind":"json-instance","metadata":{"userDefined":"true"},"name":"JsonValidationRequestType","specification":"{\n    \"requestType\": \"API\",\n    \"requestID\": 5948,\n    \"memberID\": 85623617,\n    \"status\": \"A\",\n    \"enrolmentDate\": \"2019-06-16\",\n    \"changedBy\": \"jeanNyil\",\n    \"forcedLevelCode\": \"69\",\n    \"vipOnInvitation\": \"Y\",\n    \"startDate\": \"2019-06-16\",\n    \"endDate\": \"2100-06-16\"\n}"}}},"configuredProperties":{"atlasmapping":"{\"AtlasMapping\":{\"jsonType\":\"io.atlasmap.v2.AtlasMapping\",\"dataSource\":[{\"jsonType\":\"io.atlasmap.json.v2.JsonDataSource\",\"id\":\"-MATbuQP7txPM2WyGtdB\",\"uri\":\"atlas:json:-MATbuQP7txPM2WyGtdB\",\"dataSourceType\":\"TARGET\",\"template\":null}],\"mappings\":{\"mapping\":[{\"jsonType\":\"io.atlasmap.v2.Mapping\",\"id\":\"mapping.63450\",\"inputField\":[{\"jsonType\":\"io.atlasmap.v2.ConstantField\",\"path\":\"/85623617\",\"fieldType\":\"INTEGER\",\"docId\":\"DOC.Constants.223181\",\"value\":\"85623617\"}],\"outputField\":[{\"jsonType\":\"io.atlasmap.json.v2.JsonField\",\"name\":\"memberID\",\"path\":\"/memberID\",\"fieldType\":\"INTEGER\",\"docId\":\"-MATbuQP7txPM2WyGtdB\",\"userCreated\":false}]},{\"jsonType\":\"io.atlasmap.v2.Mapping\",\"id\":\"mapping.656565\",\"inputField\":[{\"jsonType\":\"io.atlasmap.v2.ConstantField\",\"path\":\"/5948\",\"fieldType\":\"INTEGER\",\"docId\":\"DOC.Constants.223181\",\"value\":\"5948\"}],\"outputField\":[{\"jsonType\":\"io.atlasmap.json.v2.JsonField\",\"name\":\"requestID\",\"path\":\"/requestID\",\"fieldType\":\"INTEGER\",\"docId\":\"-MATbuQP7txPM2WyGtdB\",\"userCreated\":false}]},{\"jsonType\":\"io.atlasmap.v2.Mapping\",\"id\":\"mapping.892641\",\"inputField\":[{\"jsonType\":\"io.atlasmap.v2.ConstantField\",\"path\":\"/2100-06-25\",\"fieldType\":\"STRING\",\"docId\":\"DOC.Constants.223181\",\"value\":\"2100-06-25\"}],\"outputField\":[{\"jsonType\":\"io.atlasmap.json.v2.JsonField\",\"name\":\"endDate\",\"path\":\"/endDate\",\"fieldType\":\"STRING\",\"docId\":\"-MATbuQP7txPM2WyGtdB\",\"userCreated\":false}]},{\"jsonType\":\"io.atlasmap.v2.Mapping\",\"id\":\"mapping.91005\",\"inputField\":[{\"jsonType\":\"io.atlasmap.v2.ConstantField\",\"path\":\"/94\",\"fieldType\":\"STRING\",\"docId\":\"DOC.Constants.223181\",\"value\":\"94\"}],\"outputField\":[{\"jsonType\":\"io.atlasmap.json.v2.JsonField\",\"name\":\"forcedLevelCode\",\"path\":\"/forcedLevelCode\",\"fieldType\":\"STRING\",\"docId\":\"-MATbuQP7txPM2WyGtdB\",\"userCreated\":false}]},{\"jsonType\":\"io.atlasmap.v2.Mapping\",\"id\":\"mapping.374550\",\"inputField\":[{\"jsonType\":\"io.atlasmap.v2.ConstantField\",\"path\":\"/A\",\"fieldType\":\"STRING\",\"docId\":\"DOC.Constants.223181\",\"value\":\"A\"}],\"outputField\":[{\"jsonType\":\"io.atlasmap.json.v2.JsonField\",\"name\":\"status\",\"path\":\"/status\",\"fieldType\":\"STRING\",\"docId\":\"-MATbuQP7txPM2WyGtdB\",\"userCreated\":false}]},{\"jsonType\":\"io.atlasmap.v2.Mapping\",\"id\":\"mapping.712307\",\"inputField\":[{\"jsonType\":\"io.atlasmap.v2.ConstantField\",\"path\":\"/API\",\"fieldType\":\"STRING\",\"docId\":\"DOC.Constants.223181\",\"value\":\"API\"}],\"outputField\":[{\"jsonType\":\"io.atlasmap.json.v2.JsonField\",\"name\":\"requestType\",\"path\":\"/requestType\",\"fieldType\":\"STRING\",\"docId\":\"-MATbuQP7txPM2WyGtdB\",\"userCreated\":false}]},{\"jsonType\":\"io.atlasmap.v2.Mapping\",\"id\":\"mapping.751176\",\"inputField\":[{\"jsonType\":\"io.atlasmap.v2.ConstantField\",\"path\":\"/Y\",\"fieldType\":\"STRING\",\"docId\":\"DOC.Constants.223181\",\"value\":\"Y\"}],\"outputField\":[{\"jsonType\":\"io.atlasmap.json.v2.JsonField\",\"name\":\"vipOnInvitation\",\"path\":\"/vipOnInvitation\",\"fieldType\":\"STRING\",\"docId\":\"-MATbuQP7txPM2WyGtdB\",\"userCreated\":false}]},{\"jsonType\":\"io.atlasmap.v2.Mapping\",\"id\":\"mapping.935903\",\"inputField\":[{\"jsonType\":\"io.atlasmap.v2.ConstantField\",\"path\":\"/2020-06-25\",\"fieldType\":\"STRING\",\"docId\":\"DOC.Constants.223181\",\"value\":\"2020-06-25\"}],\"outputField\":[{\"jsonType\":\"io.atlasmap.json.v2.JsonField\",\"name\":\"startDate\",\"path\":\"/startDate\",\"fieldType\":\"STRING\",\"docId\":\"-MATbuQP7txPM2WyGtdB\",\"userCreated\":false}]},{\"jsonType\":\"io.atlasmap.v2.Mapping\",\"id\":\"mapping.465897\",\"inputField\":[{\"jsonType\":\"io.atlasmap.v2.ConstantField\",\"path\":\"/JALiLa\",\"fieldType\":\"STRING\",\"docId\":\"DOC.Constants.223181\",\"value\":\"JALiLa\"}],\"outputField\":[{\"jsonType\":\"io.atlasmap.json.v2.JsonField\",\"name\":\"changedBy\",\"path\":\"/changedBy\",\"fieldType\":\"STRING\",\"docId\":\"-MATbuQP7txPM2WyGtdB\",\"userCreated\":false}]},{\"jsonType\":\"io.atlasmap.v2.Mapping\",\"id\":\"mapping.569838\",\"inputField\":[{\"jsonType\":\"io.atlasmap.v2.ConstantField\",\"path\":\"/2020-06-25\",\"fieldType\":\"STRING\",\"docId\":\"DOC.Constants.223181\",\"value\":\"2020-06-25\"}],\"outputField\":[{\"jsonType\":\"io.atlasmap.json.v2.JsonField\",\"name\":\"enrolmentDate\",\"path\":\"/enrolmentDate\",\"fieldType\":\"STRING\",\"docId\":\"-MATbuQP7txPM2WyGtdB\",\"userCreated\":false}]}]},\"name\":\"UI.0\",\"lookupTables\":{\"lookupTable\":[]},\"constants\":{\"constant\":[{\"name\":\"2020-06-25\",\"value\":\"2020-06-25\",\"fieldType\":\"STRING\"},{\"name\":\"2100-06-25\",\"value\":\"2100-06-25\",\"fieldType\":\"STRING\"},{\"name\":\"5948\",\"value\":\"5948\",\"fieldType\":\"INTEGER\"},{\"name\":\"69\",\"value\":\"69\",\"fieldType\":\"STRING\"},{\"name\":\"85623617\",\"value\":\"85623617\",\"fieldType\":\"INTEGER\"},{\"name\":\"94\",\"value\":\"94\",\"fieldType\":\"STRING\"},{\"name\":\"A\",\"value\":\"A\",\"fieldType\":\"STRING\"},{\"name\":\"API\",\"value\":\"API\",\"fieldType\":\"STRING\"},{\"name\":\"JALiLa\",\"value\":\"JALiLa\",\"fieldType\":\"STRING\"},{\"name\":\"Y\",\"value\":\"Y\",\"fieldType\":\"STRING\"}]},\"properties\":{\"property\":[]}}}"},"id":"-MAeZm2jW4BvUeTSzP6b","metadata":{"configured":"true"},"name":"Data Mapper","stepKind":"mapper"},{"configuredProperties":{"bodyLoggingEnabled":"true","contextLoggingEnabled":"true","customText":"<=> Sending VALID JSON Membership sample"},"id":"-MATd18Q7txPM2WyGtdB","metadata":{"configured":"true"},"name":"Log","stepKind":"log"},{"action":{"actionType":"connector","description":"Send data to the destination you specify.","descriptor":{"configuredProperties":{"disableReplyTo":"true"},"inputDataShape":{"description":"JSON Payload containing the JSON data to be validated","kind":"json-instance","metadata":{"userDefined":"true"},"name":"JsonValidationRequestType","specification":"{\n    \"requestType\": \"API\",\n    \"requestID\": 5948,\n    \"memberID\": 85623617,\n    \"status\": \"A\",\n    \"enrolmentDate\": \"2019-06-16\",\n    \"changedBy\": \"jeanNyil\",\n    \"forcedLevelCode\": \"69\",\n    \"vipOnInvitation\": \"Y\",\n    \"startDate\": \"2019-06-16\",\n    \"endDate\": \"2100-06-16\"\n}"},"outputDataShape":{"kind":"none"},"propertyDefinitionSteps":[{"name":"Select the AMQP Destination","properties":{"deliveryPersistent":{"componentProperty":false,"defaultValue":"true","deprecated":false,"displayName":"Persistent","group":"producer","javaType":"boolean","kind":"parameter","label":"producer","labelHint":"Message delivery is guaranteed when Persistent is selected.","order":3,"required":false,"secret":false,"type":"boolean"},"destinationName":{"componentProperty":false,"deprecated":false,"displayName":"Destination name","group":"common","javaType":"java.lang.String","kind":"path","labelHint":"Name of the queue or topic to send data to.","order":1,"required":true,"secret":false,"type":"string"},"destinationType":{"componentProperty":false,"defaultValue":"queue","deprecated":false,"displayName":"Destination type","enum":[{"label":"Topic","value":"topic"},{"label":"Queue","value":"queue"}],"group":"common","javaType":"java.lang.String","kind":"path","labelHint":"By default, the destination is a queue.","order":2,"required":false,"secret":false,"type":"string"}}}]},"id":"io.syndesis:amqp-publish-action","name":"Publish messages","pattern":"To"},"configuredProperties":{"deliveryPersistent":"true","destinationName":"JSON.VALIDATION.REQ","destinationType":"queue"},"connection":{"configuredProperties":{"connectionUri":"amqps://amq-ssl-broker-amqp-0-svc.amq7-broker-cluster.svc:5672?transport.trustAll=true&transport.verifyHost=false&amqp.idleTimeout=120000","password":"»ENC:2b681b1413ce624c61b2af319bdee150d16ad015725e330637f443a99f65fc0c","skipCertificateCheck":"false","username":"fuse-online-integrations"},"connector":{"actions":[{"actionType":"connector","description":"Send data to the destination you specify.","descriptor":{"configuredProperties":{"disableReplyTo":"true"},"inputDataShape":{"kind":"any"},"outputDataShape":{"kind":"none"},"propertyDefinitionSteps":[{"description":"Specify AMQP destination properties, including queue or topic name.","name":"Select the AMQP Destination","properties":{"deliveryPersistent":{"componentProperty":false,"defaultValue":"true","deprecated":false,"displayName":"Persistent","group":"producer","javaType":"boolean","kind":"parameter","label":"producer","labelHint":"Message delivery is guaranteed when Persistent is selected.","order":3,"required":false,"secret":false,"type":"boolean"},"destinationName":{"componentProperty":false,"deprecated":false,"displayName":"Destination name","group":"common","javaType":"java.lang.String","kind":"path","labelHint":"Name of the queue or topic to send data to.","order":1,"required":true,"secret":false,"type":"string"},"destinationType":{"componentProperty":false,"defaultValue":"queue","deprecated":false,"displayName":"Destination type","enum":[{"label":"Topic","value":"topic"},{"label":"Queue","value":"queue"}],"group":"common","javaType":"java.lang.String","kind":"path","labelHint":"By default, the destination is a queue.","order":2,"required":false,"secret":false,"type":"string"}}}]},"id":"io.syndesis:amqp-publish-action","name":"Publish messages","pattern":"To"},{"actionType":"connector","description":"Receive data from the destination you specify.","descriptor":{"inputDataShape":{"kind":"none"},"outputDataShape":{"kind":"any"},"propertyDefinitionSteps":[{"description":"Specify AMQP destination properties, including queue or topic name.","name":"Select the AMQP Destination","properties":{"destinationName":{"componentProperty":false,"deprecated":false,"displayName":"Destination name","group":"common","javaType":"java.lang.String","kind":"path","labelHint":"Name of the queue or topic to receive data from.","order":1,"required":true,"secret":false,"type":"string"},"destinationType":{"componentProperty":false,"defaultValue":"queue","deprecated":false,"displayName":"Destination type","enum":[{"label":"Topic","value":"topic"},{"label":"Queue","value":"queue"}],"group":"common","javaType":"java.lang.String","kind":"path","labelHint":"By default, the destination is a queue.","order":2,"required":false,"secret":false,"type":"string"},"durableSubscriptionId":{"componentProperty":false,"deprecated":false,"displayName":"Durable subscription ID","group":"consumer","javaType":"java.lang.String","kind":"parameter","label":"consumer","labelHint":"Set the ID that lets connections close and reopen without missing messages. Destination type must be a topic.","order":3,"required":false,"secret":false,"type":"string"},"messageSelector":{"componentProperty":false,"deprecated":false,"displayName":"Message selector","group":"consumer (advanced)","javaType":"java.lang.String","kind":"parameter","label":"consumer,advanced","labelHint":"Specify a filter expression to receive only data that meets certain criteria.","order":4,"required":false,"secret":false,"type":"string"}}}]},"id":"io.syndesis:amqp-subscribe-action","name":"Subscribe for messages","pattern":"From"},{"actionType":"connector","description":"Send data to the destination you specify and receive a response.","descriptor":{"inputDataShape":{"kind":"any"},"outputDataShape":{"kind":"any"},"propertyDefinitionSteps":[{"description":"Specify AMQP destination properties, including queue or topic name.","name":"Select the AMQP Destination","properties":{"destinationName":{"componentProperty":false,"deprecated":false,"displayName":"Destination name","group":"common","javaType":"java.lang.String","kind":"path","labelHint":"Name of the queue or topic to receive data from.","order":1,"required":true,"secret":false,"type":"string"},"destinationType":{"componentProperty":false,"defaultValue":"queue","deprecated":false,"displayName":"Destination type","enum":[{"label":"Topic","value":"topic"},{"label":"Queue","value":"queue"}],"group":"common","javaType":"java.lang.String","kind":"path","labelHint":"By default, the destination is a queue.","order":2,"required":false,"secret":false,"type":"string"},"durableSubscriptionId":{"componentProperty":false,"deprecated":false,"displayName":"Durable subscription ID","group":"consumer","javaType":"java.lang.String","kind":"parameter","label":"consumer","labelHint":"Set the ID that lets connections close and reopen without missing messages. Destination type must be a topic.","order":3,"required":false,"secret":false,"type":"string"},"messageSelector":{"componentProperty":false,"deprecated":false,"displayName":"Message selector","group":"consumer (advanced)","javaType":"java.lang.String","kind":"parameter","label":"consumer,advanced","labelHint":"Specify a filter expression to receive only data that meets certain criteria.","order":4,"required":false,"secret":false,"type":"string"}}}]},"id":"io.syndesis:amqp-request-action","name":"Request response using messages","pattern":"To"}],"componentScheme":"amqp","connectorFactory":"io.syndesis.connector.amqp.AMQPConnectorFactory","dependencies":[{"id":"io.syndesis.connector:connector-amqp:1.14.0.fuse-7_11_0-00027-redhat-00001","type":"MAVEN"}],"description":"Subscribe for and publish messages.","icon":"assets:amqp.svg","id":"amqp","name":"AMQP Message Broker","properties":{"brokerCertificate":{"componentProperty":true,"deprecated":false,"description":"AMQ Broker X.509 PEM certificate","displayName":"Broker certificate","group":"security","javaType":"java.lang.String","kind":"property","label":"common,security","order":6,"relation":[{"action":"ENABLE","when":[{"id":"skipCertificateCheck","value":"false"}]}],"required":false,"secret":false,"type":"textarea"},"clientCertificate":{"componentProperty":true,"deprecated":false,"description":"AMQ Client X.509 PEM certificate","displayName":"Client certificate","group":"security","javaType":"java.lang.String","kind":"property","label":"common,security","order":7,"relation":[{"action":"ENABLE","when":[{"id":"skipCertificateCheck","value":"false"}]}],"required":false,"secret":false,"type":"textarea"},"clientID":{"componentProperty":true,"deprecated":false,"displayName":"Client ID","group":"security","javaType":"java.lang.String","kind":"property","label":"common,security","labelHint":"Required for connections to close and reopen without missing messages. Connection destination must be a topic.","order":4,"required":false,"secret":false,"type":"string"},"connectionUri":{"componentProperty":true,"deprecated":false,"displayName":"Connection URI","group":"common","javaType":"java.lang.String","kind":"property","label":"common","labelHint":"Location to send data to or obtain data from.","order":1,"required":true,"secret":false,"type":"string"},"password":{"componentProperty":true,"deprecated":false,"displayName":"Password","group":"security","javaType":"java.lang.String","kind":"property","label":"common,security","labelHint":"Password for the specified user account.","order":3,"required":false,"secret":true,"type":"string"},"skipCertificateCheck":{"componentProperty":true,"defaultValue":"false","deprecated":false,"displayName":"Check certificates","enum":[{"label":"Disable","value":"true"},{"label":"Enable","value":"false"}],"group":"security","javaType":"java.lang.String","kind":"property","label":"common,security","labelHint":"Ensure certificate checks are enabled for secure production environments. Disable for convenience in only development environments.","order":5,"required":false,"secret":false,"type":"string"},"username":{"componentProperty":true,"deprecated":false,"displayName":"User name","group":"security","javaType":"java.lang.String","kind":"property","label":"common,security","labelHint":"Access the broker with this user’s authorization credentials.","order":2,"required":false,"secret":false,"type":"string"}},"tags":["verifier"],"version":1},"connectorId":"amqp","createdDate":1592868147828,"description":"Subscribe for and publish AMQP 1.0 messages.","icon":"assets:amqp.svg","id":"i-MATKl8tE8D6MxN3fTNtz","isDerived":false,"lastUpdated":1659092064119,"name":"Red Hat AMQ 7 Broker AMQP connection","userId":"jeannyil","uses":0},"id":"-MATbuQP7txPM2WyGtdB","metadata":{"configured":"true"},"stepKind":"endpoint"},{"configuredProperties":{"bodyLoggingEnabled":"true","contextLoggingEnabled":"true","customText":"<=> VALID JSON Membership sample SENT !"},"id":"-MAcQGCNWiqfQimDNMQy","metadata":{"configured":"true"},"name":"Log","stepKind":"log"},{"action":{"actionType":"step","descriptor":{"inputDataShape":{"kind":"any","name":"All preceding outputs"},"outputDataShape":{"description":"JSON Payload containing the JSON data to be validated","kind":"json-instance","metadata":{"userDefined":"true"},"name":"JsonValidationRequestType","specification":"{\n    \"requestType\": \"API\",\n    \"requestID\": 5948,\n    \"memberID\": 85623617,\n    \"status\": \"A\",\n    \"enrolmentDate\": \"2019-06-16\",\n    \"changedBy\": \"jeanNyil\",\n    \"forcedLevelCode\": \"69\",\n    \"vipOnInvitation\": \"Y\",\n    \"startDate\": \"2019-06-16\",\n    \"endDate\": \"2100-06-16\"\n}"}}},"configuredProperties":{"atlasmapping":"{\"AtlasMapping\":{\"jsonType\":\"io.atlasmap.v2.AtlasMapping\",\"dataSource\":[{\"jsonType\":\"io.atlasmap.json.v2.JsonDataSource\",\"id\":\"-MAeZm2jW4BvUeTSzP6b\",\"uri\":\"atlas:json:-MAeZm2jW4BvUeTSzP6b\",\"dataSourceType\":\"SOURCE\"},{\"jsonType\":\"io.atlasmap.json.v2.JsonDataSource\",\"id\":\"-MAWGrjA7txPM2WyGtiD\",\"uri\":\"atlas:json:-MAWGrjA7txPM2WyGtiD\",\"dataSourceType\":\"TARGET\",\"template\":null}],\"mappings\":{\"mapping\":[{\"jsonType\":\"io.atlasmap.v2.Mapping\",\"id\":\"mapping.877080\",\"inputField\":[{\"jsonType\":\"io.atlasmap.v2.ConstantField\",\"path\":\"/jeanNyil\",\"fieldType\":\"STRING\",\"docId\":\"DOC.Constants.615130\",\"value\":\"jeanNyil\"}],\"outputField\":[{\"jsonType\":\"io.atlasmap.json.v2.JsonField\",\"name\":\"changedBy\",\"path\":\"/changedBy\",\"fieldType\":\"STRING\",\"docId\":\"-MAWGrjA7txPM2WyGtiD\",\"userCreated\":false}]},{\"jsonType\":\"io.atlasmap.v2.Mapping\",\"id\":\"mapping.798388\",\"inputField\":[{\"jsonType\":\"io.atlasmap.v2.ConstantField\",\"path\":\"/2100-06-25\",\"fieldType\":\"STRING\",\"docId\":\"DOC.Constants.615130\",\"value\":\"2100-06-25\"}],\"outputField\":[{\"jsonType\":\"io.atlasmap.json.v2.JsonField\",\"name\":\"endDate\",\"path\":\"/endDate\",\"fieldType\":\"STRING\",\"docId\":\"-MAWGrjA7txPM2WyGtiD\",\"userCreated\":false}]},{\"jsonType\":\"io.atlasmap.v2.Mapping\",\"id\":\"mapping.507788\",\"inputField\":[{\"jsonType\":\"io.atlasmap.v2.ConstantField\",\"path\":\"/2020-06-25\",\"fieldType\":\"STRING\",\"docId\":\"DOC.Constants.615130\",\"value\":\"2020-06-25\"}],\"outputField\":[{\"jsonType\":\"io.atlasmap.json.v2.JsonField\",\"name\":\"enrolmentDate\",\"path\":\"/enrolmentDate\",\"fieldType\":\"STRING\",\"docId\":\"-MAWGrjA7txPM2WyGtiD\",\"userCreated\":false}]},{\"jsonType\":\"io.atlasmap.v2.Mapping\",\"id\":\"mapping.529107\",\"inputField\":[{\"jsonType\":\"io.atlasmap.v2.ConstantField\",\"path\":\"/2020-06-25\",\"fieldType\":\"STRING\",\"docId\":\"DOC.Constants.615130\",\"value\":\"2020-06-25\"}],\"outputField\":[{\"jsonType\":\"io.atlasmap.json.v2.JsonField\",\"name\":\"startDate\",\"path\":\"/startDate\",\"fieldType\":\"STRING\",\"docId\":\"-MAWGrjA7txPM2WyGtiD\",\"userCreated\":false}]},{\"jsonType\":\"io.atlasmap.v2.Mapping\",\"id\":\"mapping.445103\",\"inputField\":[{\"jsonType\":\"io.atlasmap.v2.ConstantField\",\"path\":\"/BADSTATUS\",\"fieldType\":\"STRING\",\"docId\":\"DOC.Constants.615130\",\"value\":\"BADSTATUS\"}],\"outputField\":[{\"jsonType\":\"io.atlasmap.json.v2.JsonField\",\"name\":\"status\",\"path\":\"/status\",\"fieldType\":\"STRING\",\"docId\":\"-MAWGrjA7txPM2WyGtiD\",\"userCreated\":false}]},{\"jsonType\":\"io.atlasmap.v2.Mapping\",\"id\":\"mapping.544635\",\"inputField\":[{\"jsonType\":\"io.atlasmap.v2.ConstantField\",\"path\":\"/N\",\"fieldType\":\"STRING\",\"docId\":\"DOC.Constants.615130\",\"value\":\"N\"}],\"outputField\":[{\"jsonType\":\"io.atlasmap.json.v2.JsonField\",\"name\":\"vipOnInvitation\",\"path\":\"/vipOnInvitation\",\"fieldType\":\"STRING\",\"docId\":\"-MAWGrjA7txPM2WyGtiD\",\"userCreated\":false}]},{\"jsonType\":\"io.atlasmap.v2.Mapping\",\"id\":\"mapping.113082\",\"inputField\":[{\"jsonType\":\"io.atlasmap.v2.ConstantField\",\"path\":\"/API\",\"fieldType\":\"STRING\",\"docId\":\"DOC.Constants.615130\",\"value\":\"API\"}],\"outputField\":[{\"jsonType\":\"io.atlasmap.json.v2.JsonField\",\"name\":\"requestType\",\"path\":\"/requestType\",\"fieldType\":\"STRING\",\"docId\":\"-MAWGrjA7txPM2WyGtiD\",\"userCreated\":false}]},{\"jsonType\":\"io.atlasmap.v2.Mapping\",\"id\":\"mapping.258257\",\"inputField\":[{\"jsonType\":\"io.atlasmap.v2.ConstantField\",\"path\":\"/85623617\",\"fieldType\":\"INTEGER\",\"docId\":\"DOC.Constants.615130\",\"value\":\"85623617\"}],\"outputField\":[{\"jsonType\":\"io.atlasmap.json.v2.JsonField\",\"name\":\"memberID\",\"path\":\"/memberID\",\"fieldType\":\"INTEGER\",\"docId\":\"-MAWGrjA7txPM2WyGtiD\",\"userCreated\":false}]},{\"jsonType\":\"io.atlasmap.v2.Mapping\",\"id\":\"mapping.797607\",\"inputField\":[{\"jsonType\":\"io.atlasmap.v2.ConstantField\",\"path\":\"/5948\",\"fieldType\":\"INTEGER\",\"docId\":\"DOC.Constants.615130\",\"value\":\"5948\"}],\"outputField\":[{\"jsonType\":\"io.atlasmap.json.v2.JsonField\",\"name\":\"requestID\",\"path\":\"/requestID\",\"fieldType\":\"INTEGER\",\"docId\":\"-MAWGrjA7txPM2WyGtiD\",\"userCreated\":false}]},{\"jsonType\":\"io.atlasmap.v2.Mapping\",\"id\":\"mapping.528765\",\"inputField\":[{\"jsonType\":\"io.atlasmap.v2.ConstantField\",\"path\":\"/75\",\"fieldType\":\"STRING\",\"docId\":\"DOC.Constants.615130\",\"value\":\"75\"}],\"outputField\":[{\"jsonType\":\"io.atlasmap.json.v2.JsonField\",\"name\":\"forcedLevelCode\",\"path\":\"/forcedLevelCode\",\"fieldType\":\"STRING\",\"docId\":\"-MAWGrjA7txPM2WyGtiD\",\"userCreated\":false}]}]},\"name\":\"UI.0\",\"lookupTables\":{\"lookupTable\":[]},\"constants\":{\"constant\":[{\"name\":\"2020-06-25\",\"value\":\"2020-06-25\",\"fieldType\":\"STRING\"},{\"name\":\"2100-06-25\",\"value\":\"2100-06-25\",\"fieldType\":\"STRING\"},{\"name\":\"5948\",\"value\":\"5948\",\"fieldType\":\"INTEGER\"},{\"name\":\"75\",\"value\":\"75\",\"fieldType\":\"STRING\"},{\"name\":\"85623617\",\"value\":\"85623617\",\"fieldType\":\"INTEGER\"},{\"name\":\"API\",\"value\":\"API\",\"fieldType\":\"STRING\"},{\"name\":\"BADSTATUS\",\"value\":\"BADSTATUS\",\"fieldType\":\"STRING\"},{\"name\":\"N\",\"value\":\"N\",\"fieldType\":\"STRING\"},{\"name\":\"jeanNyil\",\"value\":\"jeanNyil\",\"fieldType\":\"STRING\"}]},\"properties\":{\"property\":[]}}}"},"id":"-MAebiHfW4BvUeTSzP6b","metadata":{"configured":"true"},"name":"Data Mapper","stepKind":"mapper"},{"configuredProperties":{"bodyLoggingEnabled":"true","contextLoggingEnabled":"true","customText":"<=> Sending INVALID JSON Membership sample"},"id":"-MAec3uJW4BvUeTSzP6b","metadata":{"configured":"true"},"name":"Log","stepKind":"log"},{"action":{"actionType":"connector","description":"Send data to the destination you specify.","descriptor":{"configuredProperties":{"disableReplyTo":"true"},"inputDataShape":{"description":"JSON Payload containing the JSON data to be validated","kind":"json-instance","metadata":{"userDefined":"true"},"name":"JsonValidationRequestType","specification":"{\n    \"requestType\": \"API\",\n    \"requestID\": 5948,\n    \"memberID\": 85623617,\n    \"status\": \"A\",\n    \"enrolmentDate\": \"2019-06-16\",\n    \"changedBy\": \"jeanNyil\",\n    \"forcedLevelCode\": \"69\",\n    \"vipOnInvitation\": \"Y\",\n    \"startDate\": \"2019-06-16\",\n    \"endDate\": \"2100-06-16\"\n}"},"outputDataShape":{"kind":"none"},"propertyDefinitionSteps":[{"name":"Select the AMQP Destination","properties":{"deliveryPersistent":{"componentProperty":false,"defaultValue":"true","deprecated":false,"displayName":"Persistent","group":"producer","javaType":"boolean","kind":"parameter","label":"producer","labelHint":"Message delivery is guaranteed when Persistent is selected.","order":3,"required":false,"secret":false,"type":"boolean"},"destinationName":{"componentProperty":false,"deprecated":false,"displayName":"Destination name","group":"common","javaType":"java.lang.String","kind":"path","labelHint":"Name of the queue or topic to send data to.","order":1,"required":true,"secret":false,"type":"string"},"destinationType":{"componentProperty":false,"defaultValue":"queue","deprecated":false,"displayName":"Destination type","enum":[{"label":"Topic","value":"topic"},{"label":"Queue","value":"queue"}],"group":"common","javaType":"java.lang.String","kind":"path","labelHint":"By default, the destination is a queue.","order":2,"required":false,"secret":false,"type":"string"}}}]},"id":"io.syndesis:amqp-publish-action","name":"Publish messages","pattern":"To"},"configuredProperties":{"deliveryPersistent":"true","destinationName":"JSON.VALIDATION.REQ","destinationType":"queue"},"connection":{"configuredProperties":{"connectionUri":"amqps://amq-ssl-broker-amqp-0-svc.amq7-broker-cluster.svc:5672?transport.trustAll=true&transport.verifyHost=false&amqp.idleTimeout=120000","password":"»ENC:2b681b1413ce624c61b2af319bdee150d16ad015725e330637f443a99f65fc0c","skipCertificateCheck":"false","username":"fuse-online-integrations"},"connector":{"actions":[{"actionType":"connector","description":"Send data to the destination you specify.","descriptor":{"configuredProperties":{"disableReplyTo":"true"},"inputDataShape":{"kind":"any"},"outputDataShape":{"kind":"none"},"propertyDefinitionSteps":[{"description":"Specify AMQP destination properties, including queue or topic name.","name":"Select the AMQP Destination","properties":{"deliveryPersistent":{"componentProperty":false,"defaultValue":"true","deprecated":false,"displayName":"Persistent","group":"producer","javaType":"boolean","kind":"parameter","label":"producer","labelHint":"Message delivery is guaranteed when Persistent is selected.","order":3,"required":false,"secret":false,"type":"boolean"},"destinationName":{"componentProperty":false,"deprecated":false,"displayName":"Destination name","group":"common","javaType":"java.lang.String","kind":"path","labelHint":"Name of the queue or topic to send data to.","order":1,"required":true,"secret":false,"type":"string"},"destinationType":{"componentProperty":false,"defaultValue":"queue","deprecated":false,"displayName":"Destination type","enum":[{"label":"Topic","value":"topic"},{"label":"Queue","value":"queue"}],"group":"common","javaType":"java.lang.String","kind":"path","labelHint":"By default, the destination is a queue.","order":2,"required":false,"secret":false,"type":"string"}}}]},"id":"io.syndesis:amqp-publish-action","name":"Publish messages","pattern":"To"},{"actionType":"connector","description":"Receive data from the destination you specify.","descriptor":{"inputDataShape":{"kind":"none"},"outputDataShape":{"kind":"any"},"propertyDefinitionSteps":[{"description":"Specify AMQP destination properties, including queue or topic name.","name":"Select the AMQP Destination","properties":{"destinationName":{"componentProperty":false,"deprecated":false,"displayName":"Destination name","group":"common","javaType":"java.lang.String","kind":"path","labelHint":"Name of the queue or topic to receive data from.","order":1,"required":true,"secret":false,"type":"string"},"destinationType":{"componentProperty":false,"defaultValue":"queue","deprecated":false,"displayName":"Destination type","enum":[{"label":"Topic","value":"topic"},{"label":"Queue","value":"queue"}],"group":"common","javaType":"java.lang.String","kind":"path","labelHint":"By default, the destination is a queue.","order":2,"required":false,"secret":false,"type":"string"},"durableSubscriptionId":{"componentProperty":false,"deprecated":false,"displayName":"Durable subscription ID","group":"consumer","javaType":"java.lang.String","kind":"parameter","label":"consumer","labelHint":"Set the ID that lets connections close and reopen without missing messages. Destination type must be a topic.","order":3,"required":false,"secret":false,"type":"string"},"messageSelector":{"componentProperty":false,"deprecated":false,"displayName":"Message selector","group":"consumer (advanced)","javaType":"java.lang.String","kind":"parameter","label":"consumer,advanced","labelHint":"Specify a filter expression to receive only data that meets certain criteria.","order":4,"required":false,"secret":false,"type":"string"}}}]},"id":"io.syndesis:amqp-subscribe-action","name":"Subscribe for messages","pattern":"From"},{"actionType":"connector","description":"Send data to the destination you specify and receive a response.","descriptor":{"inputDataShape":{"kind":"any"},"outputDataShape":{"kind":"any"},"propertyDefinitionSteps":[{"description":"Specify AMQP destination properties, including queue or topic name.","name":"Select the AMQP Destination","properties":{"destinationName":{"componentProperty":false,"deprecated":false,"displayName":"Destination name","group":"common","javaType":"java.lang.String","kind":"path","labelHint":"Name of the queue or topic to receive data from.","order":1,"required":true,"secret":false,"type":"string"},"destinationType":{"componentProperty":false,"defaultValue":"queue","deprecated":false,"displayName":"Destination type","enum":[{"label":"Topic","value":"topic"},{"label":"Queue","value":"queue"}],"group":"common","javaType":"java.lang.String","kind":"path","labelHint":"By default, the destination is a queue.","order":2,"required":false,"secret":false,"type":"string"},"durableSubscriptionId":{"componentProperty":false,"deprecated":false,"displayName":"Durable subscription ID","group":"consumer","javaType":"java.lang.String","kind":"parameter","label":"consumer","labelHint":"Set the ID that lets connections close and reopen without missing messages. Destination type must be a topic.","order":3,"required":false,"secret":false,"type":"string"},"messageSelector":{"componentProperty":false,"deprecated":false,"displayName":"Message selector","group":"consumer (advanced)","javaType":"java.lang.String","kind":"parameter","label":"consumer,advanced","labelHint":"Specify a filter expression to receive only data that meets certain criteria.","order":4,"required":false,"secret":false,"type":"string"}}}]},"id":"io.syndesis:amqp-request-action","name":"Request response using messages","pattern":"To"}],"componentScheme":"amqp","connectorFactory":"io.syndesis.connector.amqp.AMQPConnectorFactory","dependencies":[{"id":"io.syndesis.connector:connector-amqp:1.14.0.fuse-7_11_0-00027-redhat-00001","type":"MAVEN"}],"description":"Subscribe for and publish messages.","icon":"assets:amqp.svg","id":"amqp","name":"AMQP Message Broker","properties":{"brokerCertificate":{"componentProperty":true,"deprecated":false,"description":"AMQ Broker X.509 PEM certificate","displayName":"Broker certificate","group":"security","javaType":"java.lang.String","kind":"property","label":"common,security","order":6,"relation":[{"action":"ENABLE","when":[{"id":"skipCertificateCheck","value":"false"}]}],"required":false,"secret":false,"type":"textarea"},"clientCertificate":{"componentProperty":true,"deprecated":false,"description":"AMQ Client X.509 PEM certificate","displayName":"Client certificate","group":"security","javaType":"java.lang.String","kind":"property","label":"common,security","order":7,"relation":[{"action":"ENABLE","when":[{"id":"skipCertificateCheck","value":"false"}]}],"required":false,"secret":false,"type":"textarea"},"clientID":{"componentProperty":true,"deprecated":false,"displayName":"Client ID","group":"security","javaType":"java.lang.String","kind":"property","label":"common,security","labelHint":"Required for connections to close and reopen without missing messages. Connection destination must be a topic.","order":4,"required":false,"secret":false,"type":"string"},"connectionUri":{"componentProperty":true,"deprecated":false,"displayName":"Connection URI","group":"common","javaType":"java.lang.String","kind":"property","label":"common","labelHint":"Location to send data to or obtain data from.","order":1,"required":true,"secret":false,"type":"string"},"password":{"componentProperty":true,"deprecated":false,"displayName":"Password","group":"security","javaType":"java.lang.String","kind":"property","label":"common,security","labelHint":"Password for the specified user account.","order":3,"required":false,"secret":true,"type":"string"},"skipCertificateCheck":{"componentProperty":true,"defaultValue":"false","deprecated":false,"displayName":"Check certificates","enum":[{"label":"Disable","value":"true"},{"label":"Enable","value":"false"}],"group":"security","javaType":"java.lang.String","kind":"property","label":"common,security","labelHint":"Ensure certificate checks are enabled for secure production environments. Disable for convenience in only development environments.","order":5,"required":false,"secret":false,"type":"string"},"username":{"componentProperty":true,"deprecated":false,"displayName":"User name","group":"security","javaType":"java.lang.String","kind":"property","label":"common,security","labelHint":"Access the broker with this user’s authorization credentials.","order":2,"required":false,"secret":false,"type":"string"}},"tags":["verifier"],"version":1},"connectorId":"amqp","createdDate":1592868147828,"description":"Subscribe for and publish AMQP 1.0 messages.","icon":"assets:amqp.svg","id":"i-MATKl8tE8D6MxN3fTNtz","isDerived":false,"lastUpdated":1659092064119,"name":"Red Hat AMQ 7 Broker AMQP connection","userId":"jeannyil","uses":0},"id":"-MAWGrjA7txPM2WyGtiD","metadata":{"configured":"true"},"stepKind":"endpoint"},{"configuredProperties":{"bodyLoggingEnabled":"true","contextLoggingEnabled":"true","customText":"<=> INVALID JSON Membership sample SENT !"},"id":"-MATbLd37txPM2WyGtdB","metadata":{"configured":"true"},"name":"Log","stepKind":"log"}],"tags":["i-MATKl8tE8D6MxN3fTNtz","timer"],"type":"PRIMARY"}],"id":"i-MATdRQ-E8D6MxN3fTO2z","name":"_SampleValidationsPeriodicTrigger","tags":["amqp","timer"],"updatedAt":1659092136477,"version":15}}}